train,adkhol,adkhol_1,61
train,adkhol,adkhol_10,66
train,adkhol,adkhol_11,64
train,adkhol,adkhol_12,72
train,adkhol,adkhol_13,75
train,adkhol,adkhol_14,81
train,adkhol,adkhol_15,61
train,adkhol,adkhol_17,68
train,adkhol,adkhol_18,50
train,adkhol,adkhol_19,73
train,adkhol,adkhol_2,76
train,adkhol,adkhol_20,70
train,adkhol,adkhol_21,77
train,adkhol,adkhol_22,53
train,adkhol,adkhol_23,64
train,adkhol,adkhol_25,70
train,adkhol,adkhol_26,74
train,adkhol,adkhol_27,63
train,adkhol,adkhol_28,66
train,adkhol,adkhol_29,76
train,adkhol,adkhol_30,61
train,adkhol,adkhol_31,43
train,adkhol,adkhol_32,67
train,adkhol,adkhol_34,52
train,adkhol,adkhol_35,51
train,adkhol,adkhol_36,77
train,adkhol,adkhol_38,72
train,adkhol,adkhol_4,66
train,adkhol,adkhol_40,71
train,adkhol,adkhol_6,55
train,adkhol,adkhol_8,69
train,adkhol,adkhol_9,73
train,afwan,afwan_1,73
train,afwan,afwan_10,72
train,afwan,afwan_11,89
train,afwan,afwan_12,53
train,afwan,afwan_13,81
train,afwan,afwan_14,72
train,afwan,afwan_15,84
train,afwan,afwan_16,71
train,afwan,afwan_17,70
train,afwan,afwan_19,93
train,afwan,afwan_2,76
train,afwan,afwan_20,82
train,afwan,afwan_21,80
train,afwan,afwan_23,88
train,afwan,afwan_24,68
train,afwan,afwan_25,78
train,afwan,afwan_26,65
train,afwan,afwan_30,67
train,afwan,afwan_31,102
train,afwan,afwan_32,57
train,afwan,afwan_35,83
train,afwan,afwan_36,46
train,afwan,afwan_37,69
train,afwan,afwan_38,67
train,afwan,afwan_39,92
train,afwan,afwan_4,67
train,afwan,afwan_40,48
train,afwan,afwan_41,51
train,afwan,afwan_5,77
train,afwan,afwan_6,62
train,afwan,afwan_7,98
train,afwan,afwan_9,58
train,akol,akol_10,82
train,akol,akol_12,50
train,akol,akol_13,53
train,akol,akol_14,84
train,akol,akol_15,54
train,akol,akol_16,55
train,akol,akol_17,55
train,akol,akol_19,63
train,akol,akol_2,60
train,akol,akol_20,57
train,akol,akol_21,45
train,akol,akol_22,86
train,akol,akol_23,44
train,akol,akol_24,59
train,akol,akol_25,61
train,akol,akol_26,98
train,akol,akol_27,73
train,akol,akol_28,55
train,akol,akol_29,55
train,akol,akol_3,81
train,akol,akol_30,79
train,akol,akol_31,75
train,akol,akol_33,56
train,akol,akol_34,80
train,akol,akol_35,49
train,akol,akol_36,60
train,akol,akol_4,59
train,akol,akol_5,51
train,akol,akol_6,49
train,akol,akol_7,79
train,akol,akol_8,47
train,akol,akol_9,56
train,alaykom,alaykom_1,55
train,alaykom,alaykom_10,73
train,alaykom,alaykom_11,85
train,alaykom,alaykom_14,84
train,alaykom,alaykom_15,87
train,alaykom,alaykom_16,51
train,alaykom,alaykom_17,82
train,alaykom,alaykom_18,68
train,alaykom,alaykom_19,79
train,alaykom,alaykom_2,70
train,alaykom,alaykom_20,58
train,alaykom,alaykom_21,73
train,alaykom,alaykom_22,73
train,alaykom,alaykom_23,95
train,alaykom,alaykom_24,46
train,alaykom,alaykom_25,89
train,alaykom,alaykom_26,84
train,alaykom,alaykom_28,51
train,alaykom,alaykom_30,71
train,alaykom,alaykom_31,78
train,alaykom,alaykom_32,45
train,alaykom,alaykom_33,92
train,alaykom,alaykom_34,64
train,alaykom,alaykom_35,74
train,alaykom,alaykom_37,79
train,alaykom,alaykom_38,68
train,alaykom,alaykom_40,48
train,alaykom,alaykom_5,75
train,alaykom,alaykom_6,53
train,alaykom,alaykom_7,54
train,alaykom,alaykom_8,72
train,alaykom,alaykom_9,57
train,alhamd,alhamd_10,67
train,alhamd,alhamd_11,65
train,alhamd,alhamd_12,77
train,alhamd,alhamd_13,104
train,alhamd,alhamd_14,85
train,alhamd,alhamd_15,81
train,alhamd,alhamd_17,96
train,alhamd,alhamd_18,74
train,alhamd,alhamd_19,82
train,alhamd,alhamd_2,52
train,alhamd,alhamd_20,76
train,alhamd,alhamd_21,107
train,alhamd,alhamd_23,82
train,alhamd,alhamd_24,76
train,alhamd,alhamd_26,30
train,alhamd,alhamd_27,1062
train,alhamd,alhamd_28,71
train,alhamd,alhamd_29,114
train,alhamd,alhamd_3,64
train,alhamd,alhamd_30,74
train,alhamd,alhamd_31,80
train,alhamd,alhamd_34,73
train,alhamd,alhamd_35,88
train,alhamd,alhamd_36,68
train,alhamd,alhamd_37,121
train,alhamd,alhamd_38,76
train,alhamd,alhamd_39,84
train,alhamd,alhamd_4,107
train,alhamd,alhamd_41,98
train,alhamd,alhamd_42,93
train,alhamd,alhamd_44,46
train,alhamd,alhamd_5,83
train,alhamd,alhamd_6,66
train,alhamd,alhamd_7,94
train,alhamd,alhamd_9,70
train,allah,allah_1,111
train,allah,allah_10,72
train,allah,allah_11,45
train,allah,allah_12,46
train,allah,allah_13,56
train,allah,allah_15,64
train,allah,allah_16,67
train,allah,allah_17,55
train,allah,allah_19,68
train,allah,allah_2,46
train,allah,allah_20,60
train,allah,allah_21,62
train,allah,allah_22,96
train,allah,allah_23,49
train,allah,allah_24,66
train,allah,allah_25,54
train,allah,allah_26,99
train,allah,allah_28,68
train,allah,allah_31,53
train,allah,allah_32,68
train,allah,allah_34,83
train,allah,allah_35,47
train,allah,allah_36,58
train,allah,allah_37,59
train,allah,allah_38,77
train,allah,allah_39,85
train,allah,allah_4,69
train,allah,allah_40,69
train,allah,allah_43,81
train,allah,allah_44,75
train,allah,allah_5,61
train,allah,allah_6,63
train,allah,allah_7,79
train,allah,allah_8,70
train,allah,allah_9,49
train,amel,amel_10,67
train,amel,amel_11,91
train,amel,amel_12,79
train,amel,amel_14,80
train,amel,amel_15,101
train,amel,amel_16,63
train,amel,amel_17,78
train,amel,amel_18,76
train,amel,amel_19,93
train,amel,amel_2,123
train,amel,amel_22,73
train,amel,amel_23,90
train,amel,amel_24,51
train,amel,amel_25,85
train,amel,amel_27,93
train,amel,amel_28,42
train,amel,amel_29,91
train,amel,amel_3,86
train,amel,amel_30,75
train,amel,amel_31,85
train,amel,amel_32,48
train,amel,amel_34,75
train,amel,amel_35,91
train,amel,amel_36,40
train,amel,amel_37,79
train,amel,amel_39,99
train,amel,amel_4,98
train,amel,amel_40,37
train,amel,amel_41,84
train,amel,amel_5,76
train,amel,amel_7,92
train,amel,amel_8,72
train,ana,ana_1,54
train,ana,ana_10,49
train,ana,ana_12,55
train,ana,ana_13,50
train,ana,ana_15,81
train,ana,ana_16,46
train,ana,ana_17,57
train,ana,ana_18,50
train,ana,ana_19,81
train,ana,ana_2,58
train,ana,ana_20,62
train,ana,ana_21,65
train,ana,ana_23,79
train,ana,ana_24,59
train,ana,ana_26,59
train,ana,ana_27,85
train,ana,ana_28,57
train,ana,ana_29,67
train,ana,ana_30,67
train,ana,ana_31,86
train,ana,ana_32,57
train,ana,ana_33,65
train,ana,ana_34,54
train,ana,ana_35,83
train,ana,ana_36,53
train,ana,ana_37,68
train,ana,ana_38,62
train,ana,ana_4,41
train,ana,ana_40,32
train,ana,ana_41,60
train,ana,ana_42,58
train,ana,ana_43,83
train,ana,ana_45,69
train,ana,ana_5,78
train,ana,ana_7,75
train,ana,ana_8,33
train,anam,anam_1,100
train,anam,anam_10,60
train,anam,anam_11,59
train,anam,anam_12,100
train,anam,anam_13,78
train,anam,anam_17,66
train,anam,anam_18,79
train,anam,anam_2,70
train,anam,anam_20,104
train,anam,anam_22,74
train,anam,anam_24,100
train,anam,anam_25,86
train,anam,anam_26,81
train,anam,anam_27,63
train,anam,anam_28,89
train,anam,anam_29,68
train,anam,anam_3,67
train,anam,anam_32,99
train,anam,anam_33,52
train,anam,anam_34,83
train,anam,anam_35,58
train,anam,anam_36,100
train,anam,anam_37,38
train,anam,anam_38,75
train,anam,anam_39,65
train,anam,anam_40,97
train,anam,anam_41,62
train,anam,anam_42,73
train,anam,anam_5,88
train,anam,anam_6,51
train,anam,anam_7,87
train,anam,anam_8,76
train,anam,anam_9,54
train,asef,asef_1,112
train,asef,asef_10,99
train,asef,asef_11,102
train,asef,asef_12,121
train,asef,asef_13,93
train,asef,asef_14,92
train,asef,asef_15,95
train,asef,asef_17,88
train,asef,asef_18,113
train,asef,asef_19,81
train,asef,asef_2,103
train,asef,asef_20,112
train,asef,asef_21,96
train,asef,asef_22,109
train,asef,asef_23,90
train,asef,asef_24,92
train,asef,asef_25,94
train,asef,asef_26,86
train,asef,asef_27,94
train,asef,asef_29,107
train,asef,asef_3,112
train,asef,asef_30,79
train,asef,asef_31,84
train,asef,asef_32,119
train,asef,asef_33,98
train,asef,asef_34,91
train,asef,asef_35,84
train,asef,asef_38,76
train,asef,asef_4,103
train,asef,asef_40,100
train,asef,asef_5,123
train,asef,asef_8,87
train,ashrab,ashrab_1,66
train,ashrab,ashrab_10,85
train,ashrab,ashrab_11,43
train,ashrab,ashrab_12,68
train,ashrab,ashrab_13,57
train,ashrab,ashrab_14,80
train,ashrab,ashrab_15,60
train,ashrab,ashrab_16,77
train,ashrab,ashrab_18,77
train,ashrab,ashrab_19,70
train,ashrab,ashrab_2,48
train,ashrab,ashrab_20,75
train,ashrab,ashrab_22,83
train,ashrab,ashrab_23,72
train,ashrab,ashrab_25,52
train,ashrab,ashrab_27,69
train,ashrab,ashrab_28,79
train,ashrab,ashrab_29,55
train,ashrab,ashrab_3,78
train,ashrab,ashrab_32,75
train,ashrab,ashrab_33,53
train,ashrab,ashrab_34,75
train,ashrab,ashrab_35,60
train,ashrab,ashrab_36,73
train,ashrab,ashrab_37,52
train,ashrab,ashrab_38,74
train,ashrab,ashrab_39,68
train,ashrab,ashrab_4,45
train,ashrab,ashrab_40,74
train,ashrab,ashrab_5,72
train,ashrab,ashrab_7,70
train,ashrab,ashrab_8,75
train,ashtry,ashtry_1,116
train,ashtry,ashtry_11,94
train,ashtry,ashtry_12,123
train,ashtry,ashtry_14,115
train,ashtry,ashtry_15,113
train,ashtry,ashtry_16,96
train,ashtry,ashtry_19,104
train,ashtry,ashtry_2,104
train,ashtry,ashtry_20,101
train,ashtry,ashtry_23,96
train,ashtry,ashtry_24,105
train,ashtry,ashtry_25,114
train,ashtry,ashtry_26,84
train,ashtry,ashtry_27,92
train,ashtry,ashtry_28,100
train,ashtry,ashtry_29,81
train,ashtry,ashtry_3,135
train,ashtry,ashtry_30,111
train,ashtry,ashtry_31,103
train,ashtry,ashtry_32,90
train,ashtry,ashtry_4,94
train,ashtry,ashtry_5,95
train,ashtry,ashtry_6,87
train,ashtry,ashtry_7,130
train,ashtry,ashtry_8,130
train,ashtry,ashtry_9,111
train,ayez,ayez_1,58
train,ayez,ayez_10,58
train,ayez,ayez_11,89
train,ayez,ayez_12,39
train,ayez,ayez_13,90
train,ayez,ayez_15,85
train,ayez,ayez_16,56
train,ayez,ayez_17,66
train,ayez,ayez_18,62
train,ayez,ayez_19,78
train,ayez,ayez_20,49
train,ayez,ayez_22,67
train,ayez,ayez_23,79
train,ayez,ayez_24,51
train,ayez,ayez_25,94
train,ayez,ayez_26,67
train,ayez,ayez_27,71
train,ayez,ayez_28,59
train,ayez,ayez_29,83
train,ayez,ayez_3,76
train,ayez,ayez_30,57
train,ayez,ayez_31,85
train,ayez,ayez_33,104
train,ayez,ayez_34,79
train,ayez,ayez_35,86
train,ayez,ayez_36,54
train,ayez,ayez_37,95
train,ayez,ayez_38,61
train,ayez,ayez_39,89
train,ayez,ayez_41,85
train,ayez,ayez_7,69
train,ayez,ayez_9,57
train,eh,eh_11,51
train,eh,eh_12,78
train,eh,eh_13,55
train,eh,eh_14,76
train,eh,eh_15,59
train,eh,eh_16,79
train,eh,eh_18,74
train,eh,eh_19,62
train,eh,eh_20,84
train,eh,eh_21,74
train,eh,eh_22,85
train,eh,eh_23,43
train,eh,eh_24,69
train,eh,eh_25,64
train,eh,eh_27,64
train,eh,eh_28,78
train,eh,eh_29,62
train,eh,eh_3,65
train,eh,eh_30,77
train,eh,eh_31,49
train,eh,eh_32,77
train,eh,eh_33,67
train,eh,eh_35,45
train,eh,eh_36,80
train,eh,eh_37,68
train,eh,eh_38,85
train,eh,eh_39,49
train,eh,eh_5,77
train,eh,eh_6,57
train,eh,eh_7,70
train,eh,eh_8,72
train,eh,eh_9,60
train,elsa'a,elsa'a_1,76
train,elsa'a,elsa'a_10,73
train,elsa'a,elsa'a_11,71
train,elsa'a,elsa'a_12,83
train,elsa'a,elsa'a_14,92
train,elsa'a,elsa'a_15,64
train,elsa'a,elsa'a_16,81
train,elsa'a,elsa'a_17,57
train,elsa'a,elsa'a_18,90
train,elsa'a,elsa'a_2,74
train,elsa'a,elsa'a_20,67
train,elsa'a,elsa'a_21,69
train,elsa'a,elsa'a_22,108
train,elsa'a,elsa'a_23,70
train,elsa'a,elsa'a_24,86
train,elsa'a,elsa'a_25,63
train,elsa'a,elsa'a_26,77
train,elsa'a,elsa'a_28,79
train,elsa'a,elsa'a_29,72
train,elsa'a,elsa'a_3,93
train,elsa'a,elsa'a_30,97
train,elsa'a,elsa'a_31,61
train,elsa'a,elsa'a_32,69
train,elsa'a,elsa'a_36,79
train,elsa'a,elsa'a_38,96
train,elsa'a,elsa'a_39,61
train,elsa'a,elsa'a_4,88
train,elsa'a,elsa'a_40,79
train,elsa'a,elsa'a_41,63
train,elsa'a,elsa'a_42,82
train,elsa'a,elsa'a_5,103
train,elsa'a,elsa'a_7,73
train,elsa'a,elsa'a_8,64
train,farhan,farhan_11,75
train,farhan,farhan_12,106
train,farhan,farhan_13,86
train,farhan,farhan_14,83
train,farhan,farhan_17,97
train,farhan,farhan_18,89
train,farhan,farhan_19,86
train,farhan,farhan_20,109
train,farhan,farhan_21,75
train,farhan,farhan_22,86
train,farhan,farhan_23,78
train,farhan,farhan_24,112
train,farhan,farhan_27,105
train,farhan,farhan_28,118
train,farhan,farhan_29,96
train,farhan,farhan_3,104
train,farhan,farhan_31,114
train,farhan,farhan_32,97
train,farhan,farhan_33,70
train,farhan,farhan_34,100
train,farhan,farhan_35,87
train,farhan,farhan_36,111
train,farhan,farhan_37,79
train,farhan,farhan_38,105
train,farhan,farhan_39,95
train,farhan,farhan_4,98
train,farhan,farhan_40,103
train,farhan,farhan_5,113
train,farhan,farhan_6,70
train,farhan,farhan_7,114
train,farhan,farhan_8,116
train,farhan,farhan_9,62
train,hammam,hammam_1,37
train,hammam,hammam_10,79
train,hammam,hammam_11,102
train,hammam,hammam_12,123
train,hammam,hammam_14,79
train,hammam,hammam_15,83
train,hammam,hammam_16,80
train,hammam,hammam_19,68
train,hammam,hammam_2,66
train,hammam,hammam_20,80
train,hammam,hammam_21,63
train,hammam,hammam_22,81
train,hammam,hammam_24,79
train,hammam,hammam_25,62
train,hammam,hammam_26,80
train,hammam,hammam_27,74
train,hammam,hammam_28,89
train,hammam,hammam_29,60
train,hammam,hammam_3,90
train,hammam,hammam_31,62
train,hammam,hammam_32,92
train,hammam,hammam_33,59
train,hammam,hammam_34,76
train,hammam,hammam_35,64
train,hammam,hammam_38,80
train,hammam,hammam_39,66
train,hammam,hammam_4,79
train,hammam,hammam_40,120
train,hammam,hammam_41,56
train,hammam,hammam_42,85
train,hammam,hammam_43,55
train,hammam,hammam_5,94
train,hammam,hammam_6,51
train,hammam,hammam_8,101
train,hammam,hammam_9,109
train,Idle,Idle_1,51
train,Idle,Idle_10,57
train,Idle,Idle_11,57
train,Idle,Idle_12,54
train,Idle,Idle_13,54
train,Idle,Idle_15,61
train,Idle,Idle_18,64
train,Idle,Idle_19,56
train,Idle,Idle_2,51
train,Idle,Idle_20,59
train,Idle,Idle_21,54
train,Idle,Idle_22,48
train,Idle,Idle_23,60
train,Idle,Idle_24,58
train,Idle,Idle_25,74
train,Idle,Idle_26,48
train,Idle,Idle_27,50
train,Idle,Idle_3,58
train,Idle,Idle_4,58
train,Idle,Idle_8,55
train,Idle,Idle_9,60
train,masaa,masaa_10,77
train,masaa,masaa_11,68
train,masaa,masaa_12,58
train,masaa,masaa_13,71
train,masaa,masaa_14,66
train,masaa,masaa_15,54
train,masaa,masaa_16,59
train,masaa,masaa_17,67
train,masaa,masaa_19,51
train,masaa,masaa_22,56
train,masaa,masaa_23,77
train,masaa,masaa_24,72
train,masaa,masaa_25,70
train,masaa,masaa_26,52
train,masaa,masaa_27,78
train,masaa,masaa_28,72
train,masaa,masaa_3,72
train,masaa,masaa_30,75
train,masaa,masaa_31,69
train,masaa,masaa_33,78
train,masaa,masaa_34,70
train,masaa,masaa_35,74
train,masaa,masaa_36,69
train,masaa,masaa_38,62
train,masaa,masaa_39,86
train,masaa,masaa_4,68
train,masaa,masaa_40,68
train,masaa,masaa_41,68
train,masaa,masaa_42,61
train,masaa,masaa_43,73
train,masaa,masaa_6,53
train,masaa,masaa_7,64
train,masaa,masaa_8,61
train,masaa,masaa_9,68
train,masged,masged_10,106
train,masged,masged_11,112
train,masged,masged_12,69
train,masged,masged_13,96
train,masged,masged_14,117
train,masged,masged_15,119
train,masged,masged_16,79
train,masged,masged_17,83
train,masged,masged_18,112
train,masged,masged_19,119
train,masged,masged_2,81
train,masged,masged_21,91
train,masged,masged_24,75
train,masged,masged_25,106
train,masged,masged_26,82
train,masged,masged_27,135
train,masged,masged_28,47
train,masged,masged_30,91
train,masged,masged_32,61
train,masged,masged_33,100
train,masged,masged_34,103
train,masged,masged_36,85
train,masged,masged_38,95
train,masged,masged_39,112
train,masged,masged_4,84
train,masged,masged_40,65
train,masged,masged_41,90
train,masged,masged_5,103
train,masged,masged_6,101
train,masged,masged_7,100
train,masged,masged_8,86
train,masged,masged_9,89
train,meyah,meyah_10,99
train,meyah,meyah_11,85
train,meyah,meyah_12,93
train,meyah,meyah_14,87
train,meyah,meyah_16,98
train,meyah,meyah_17,66
train,meyah,meyah_18,95
train,meyah,meyah_19,48
train,meyah,meyah_2,81
train,meyah,meyah_20,99
train,meyah,meyah_21,64
train,meyah,meyah_22,108
train,meyah,meyah_23,430
train,meyah,meyah_24,99
train,meyah,meyah_25,70
train,meyah,meyah_26,98
train,meyah,meyah_28,99
train,meyah,meyah_29,64
train,meyah,meyah_3,87
train,meyah,meyah_30,104
train,meyah,meyah_31,434
train,meyah,meyah_32,99
train,meyah,meyah_33,62
train,meyah,meyah_34,102
train,meyah,meyah_35,433
train,meyah,meyah_36,90
train,meyah,meyah_38,85
train,meyah,meyah_4,62
train,meyah,meyah_40,95
train,meyah,meyah_5,101
train,meyah,meyah_6,55
train,meyah,meyah_7,100
train,mostashfa,mostashfa_10,103
train,mostashfa,mostashfa_11,103
train,mostashfa,mostashfa_12,136
train,mostashfa,mostashfa_13,171
train,mostashfa,mostashfa_14,137
train,mostashfa,mostashfa_15,91
train,mostashfa,mostashfa_16,130
train,mostashfa,mostashfa_17,210
train,mostashfa,mostashfa_18,141
train,mostashfa,mostashfa_2,121
train,mostashfa,mostashfa_20,131
train,mostashfa,mostashfa_21,165
train,mostashfa,mostashfa_22,152
train,mostashfa,mostashfa_23,85
train,mostashfa,mostashfa_25,138
train,mostashfa,mostashfa_26,112
train,mostashfa,mostashfa_28,120
train,mostashfa,mostashfa_30,126
train,mostashfa,mostashfa_31,103
train,mostashfa,mostashfa_32,123
train,mostashfa,mostashfa_33,157
train,mostashfa,mostashfa_36,102
train,mostashfa,mostashfa_37,178
train,mostashfa,mostashfa_38,117
train,mostashfa,mostashfa_39,109
train,mostashfa,mostashfa_4,152
train,mostashfa,mostashfa_40,117
train,mostashfa,mostashfa_41,138
train,mostashfa,mostashfa_42,143
train,mostashfa,mostashfa_5,152
train,mostashfa,mostashfa_6,84
train,mostashfa,mostashfa_7,116
train,mostashfa,mostashfa_9,88
train,sabah,sabah_1,75
train,sabah,sabah_10,62
train,sabah,sabah_12,89
train,sabah,sabah_13,56
train,sabah,sabah_14,67
train,sabah,sabah_15,62
train,sabah,sabah_16,81
train,sabah,sabah_17,71
train,sabah,sabah_18,48
train,sabah,sabah_19,85
train,sabah,sabah_2,75
train,sabah,sabah_21,51
train,sabah,sabah_22,52
train,sabah,sabah_23,75
train,sabah,sabah_24,91
train,sabah,sabah_26,44
train,sabah,sabah_28,91
train,sabah,sabah_3,69
train,sabah,sabah_30,57
train,sabah,sabah_31,76
train,sabah,sabah_32,83
train,sabah,sabah_33,50
train,sabah,sabah_34,63
train,sabah,sabah_37,60
train,sabah,sabah_38,62
train,sabah,sabah_39,81
train,sabah,sabah_40,105
train,sabah,sabah_41,50
train,sabah,sabah_42,67
train,sabah,sabah_5,56
train,sabah,sabah_6,91
train,sabah,sabah_7,100
train,sabah,sabah_8,70
train,salam,salam_10,70
train,salam,salam_11,84
train,salam,salam_12,66
train,salam,salam_13,90
train,salam,salam_14,77
train,salam,salam_15,103
train,salam,salam_16,69
train,salam,salam_17,97
train,salam,salam_18,65
train,salam,salam_2,70
train,salam,salam_20,64
train,salam,salam_21,90
train,salam,salam_24,76
train,salam,salam_25,97
train,salam,salam_26,69
train,salam,salam_27,103
train,salam,salam_28,58
train,salam,salam_29,101
train,salam,salam_3,100
train,salam,salam_30,73
train,salam,salam_31,96
train,salam,salam_32,95
train,salam,salam_33,99
train,salam,salam_36,51
train,salam,salam_37,96
train,salam,salam_39,95
train,salam,salam_4,66
train,salam,salam_40,71
train,salam,salam_41,100
train,salam,salam_5,93
train,salam,salam_6,65
train,salam,salam_9,85
train,saydalya,saydalya_1,155
train,saydalya,saydalya_11,120
train,saydalya,saydalya_12,145
train,saydalya,saydalya_13,82
train,saydalya,saydalya_14,113
train,saydalya,saydalya_15,115
train,saydalya,saydalya_16,129
train,saydalya,saydalya_17,176
train,saydalya,saydalya_18,128
train,saydalya,saydalya_19,125
train,saydalya,saydalya_2,132
train,saydalya,saydalya_21,161
train,saydalya,saydalya_22,124
train,saydalya,saydalya_23,119
train,saydalya,saydalya_24,143
train,saydalya,saydalya_26,119
train,saydalya,saydalya_27,115
train,saydalya,saydalya_29,168
train,saydalya,saydalya_3,161
train,saydalya,saydalya_30,125
train,saydalya,saydalya_31,121
train,saydalya,saydalya_32,142
train,saydalya,saydalya_36,144
train,saydalya,saydalya_37,71
train,saydalya,saydalya_38,114
train,saydalya,saydalya_39,121
train,saydalya,saydalya_4,93
train,saydalya,saydalya_41,104
train,saydalya,saydalya_42,124
train,saydalya,saydalya_5,125
train,saydalya,saydalya_6,106
train,saydalya,saydalya_7,124
train,saydalya,saydalya_9,118
train,shokran,shokran_1,69
train,shokran,shokran_11,84
train,shokran,shokran_12,84
train,shokran,shokran_13,67
train,shokran,shokran_14,90
train,shokran,shokran_15,64
train,shokran,shokran_16,88
train,shokran,shokran_17,65
train,shokran,shokran_18,80
train,shokran,shokran_19,73
train,shokran,shokran_2,75
train,shokran,shokran_21,54
train,shokran,shokran_22,82
train,shokran,shokran_23,75
train,shokran,shokran_24,90
train,shokran,shokran_25,58
train,shokran,shokran_27,70
train,shokran,shokran_28,94
train,shokran,shokran_29,73
train,shokran,shokran_3,82
train,shokran,shokran_30,93
train,shokran,shokran_31,71
train,shokran,shokran_34,87
train,shokran,shokran_35,78
train,shokran,shokran_36,98
train,shokran,shokran_37,54
train,shokran,shokran_39,83
train,shokran,shokran_40,83
train,shokran,shokran_42,87
train,shokran,shokran_5,77
train,shokran,shokran_7,90
train,shokran,shokran_8,75
train,shokran,shokran_9,76
train,ta'ban,ta'ban_1,97
train,ta'ban,ta'ban_10,90
train,ta'ban,ta'ban_11,94
train,ta'ban,ta'ban_12,67
train,ta'ban,ta'ban_13,121
train,ta'ban,ta'ban_14,80
train,ta'ban,ta'ban_15,91
train,ta'ban,ta'ban_16,71
train,ta'ban,ta'ban_18,91
train,ta'ban,ta'ban_19,94
train,ta'ban,ta'ban_21,120
train,ta'ban,ta'ban_23,87
train,ta'ban,ta'ban_26,85
train,ta'ban,ta'ban_27,95
train,ta'ban,ta'ban_28,66
train,ta'ban,ta'ban_29,113
train,ta'ban,ta'ban_30,93
train,ta'ban,ta'ban_31,82
train,ta'ban,ta'ban_32,58
train,ta'ban,ta'ban_33,115
train,ta'ban,ta'ban_34,87
train,ta'ban,ta'ban_35,89
train,ta'ban,ta'ban_36,84
train,ta'ban,ta'ban_38,97
train,ta'ban,ta'ban_39,94
train,ta'ban,ta'ban_4,70
train,ta'ban,ta'ban_40,64
train,ta'ban,ta'ban_5,129
train,ta'ban,ta'ban_6,78
train,ta'ban,ta'ban_7,84
train,ta'ban,ta'ban_8,107
train,ta'ban,ta'ban_9,94
train,tamam,tamam_1,84
train,tamam,tamam_10,71
train,tamam,tamam_11,52
train,tamam,tamam_12,67
train,tamam,tamam_13,71
train,tamam,tamam_14,82
train,tamam,tamam_17,67
train,tamam,tamam_18,72
train,tamam,tamam_19,63
train,tamam,tamam_20,66
train,tamam,tamam_22,76
train,tamam,tamam_23,37
train,tamam,tamam_24,73
train,tamam,tamam_25,67
train,tamam,tamam_26,84
train,tamam,tamam_27,42
train,tamam,tamam_3,69
train,tamam,tamam_30,81
train,tamam,tamam_31,53
train,tamam,tamam_32,74
train,tamam,tamam_33,69
train,tamam,tamam_35,40
train,tamam,tamam_36,77
train,tamam,tamam_37,65
train,tamam,tamam_38,78
train,tamam,tamam_39,36
train,tamam,tamam_4,49
train,tamam,tamam_5,65
train,tamam,tamam_6,57
train,tamam,tamam_7,76
train,tamam,tamam_8,67
train,tamam,tamam_9,73
train,zalan,zalan_1,126
train,zalan,zalan_10,91
train,zalan,zalan_11,64
train,zalan,zalan_12,88
train,zalan,zalan_14,87
train,zalan,zalan_15,49
train,zalan,zalan_16,93
train,zalan,zalan_17,98
train,zalan,zalan_18,84
train,zalan,zalan_2,95
train,zalan,zalan_21,89
train,zalan,zalan_22,84
train,zalan,zalan_23,98
train,zalan,zalan_26,101
train,zalan,zalan_28,82
train,zalan,zalan_29,85
train,zalan,zalan_3,85
train,zalan,zalan_30,76
train,zalan,zalan_31,84
train,zalan,zalan_33,83
train,zalan,zalan_34,88
train,zalan,zalan_35,73
train,zalan,zalan_36,78
train,zalan,zalan_37,89
train,zalan,zalan_38,81
train,zalan,zalan_39,79
train,zalan,zalan_4,101
train,zalan,zalan_40,86
train,zalan,zalan_5,100
train,zalan,zalan_6,91
train,zalan,zalan_8,73
train,zalan,zalan_9,100
test,adkhol,adkhol_16,81
test,adkhol,adkhol_24,68
test,adkhol,adkhol_3,60
test,adkhol,adkhol_33,76
test,adkhol,adkhol_37,72
test,adkhol,adkhol_39,60
test,adkhol,adkhol_5,60
test,adkhol,adkhol_7,110
test,afwan,afwan_18,64
test,afwan,afwan_22,67
test,afwan,afwan_27,91
test,afwan,afwan_28,62
test,afwan,afwan_29,84
test,afwan,afwan_3,86
test,afwan,afwan_33,80
test,afwan,afwan_34,70
test,afwan,afwan_8,57
test,akol,akol_1,76
test,akol,akol_11,67
test,akol,akol_18,98
test,akol,akol_32,45
test,akol,akol_37,55
test,akol,akol_38,88
test,akol,akol_39,44
test,akol,akol_40,48
test,alaykom,alaykom_12,61
test,alaykom,alaykom_13,85
test,alaykom,alaykom_27,89
test,alaykom,alaykom_29,77
test,alaykom,alaykom_3,84
test,alaykom,alaykom_36,47
test,alaykom,alaykom_39,68
test,alaykom,alaykom_4,74
test,alaykom,alaykom_41,68
test,alhamd,alhamd_1,107
test,alhamd,alhamd_16,92
test,alhamd,alhamd_22,124
test,alhamd,alhamd_25,113
test,alhamd,alhamd_32,76
test,alhamd,alhamd_33,111
test,alhamd,alhamd_40,74
test,alhamd,alhamd_43,83
test,alhamd,alhamd_8,87
test,allah,allah_14,86
test,allah,allah_18,96
test,allah,allah_27,63
test,allah,allah_29,51
test,allah,allah_3,83
test,allah,allah_30,85
test,allah,allah_33,60
test,allah,allah_41,61
test,allah,allah_42,87
test,amel,amel_1,109
test,amel,amel_13,75
test,amel,amel_20,46
test,amel,amel_21,80
test,amel,amel_26,73
test,amel,amel_33,82
test,amel,amel_38,73
test,amel,amel_6,78
test,amel,amel_9,74
test,ana,ana_11,60
test,ana,ana_14,58
test,ana,ana_22,57
test,ana,ana_25,68
test,ana,ana_3,78
test,ana,ana_39,79
test,ana,ana_44,44
test,ana,ana_6,54
test,ana,ana_9,54
test,anam,anam_14,78
test,anam,anam_15,65
test,anam,anam_16,88
test,anam,anam_19,62
test,anam,anam_21,114
test,anam,anam_23,55
test,anam,anam_30,78
test,anam,anam_31,60
test,anam,anam_4,72
test,asef,asef_16,102
test,asef,asef_28,103
test,asef,asef_36,84
test,asef,asef_37,108
test,asef,asef_39,79
test,asef,asef_6,87
test,asef,asef_7,86
test,asef,asef_9,92
test,ashrab,ashrab_17,59
test,ashrab,ashrab_21,57
test,ashrab,ashrab_24,77
test,ashrab,ashrab_26,76
test,ashrab,ashrab_30,75
test,ashrab,ashrab_31,55
test,ashrab,ashrab_6,54
test,ashrab,ashrab_9,58
test,ashtry,ashtry_10,117
test,ashtry,ashtry_13,113
test,ashtry,ashtry_17,104
test,ashtry,ashtry_18,122
test,ashtry,ashtry_21,119
test,ashtry,ashtry_22,98
test,ashtry,ashtry_33,128
test,ayez,ayez_14,65
test,ayez,ayez_2,49
test,ayez,ayez_21,83
test,ayez,ayez_32,53
test,ayez,ayez_4,58
test,ayez,ayez_40,33
test,ayez,ayez_5,119
test,ayez,ayez_6,73
test,ayez,ayez_8,88
test,eh,eh_1,48
test,eh,eh_10,77
test,eh,eh_17,59
test,eh,eh_2,58
test,eh,eh_26,80
test,eh,eh_34,71
test,eh,eh_4,37
test,eh,eh_40,67
test,elsa'a,elsa'a_13,48
test,elsa'a,elsa'a_19,63
test,elsa'a,elsa'a_27,67
test,elsa'a,elsa'a_33,55
test,elsa'a,elsa'a_34,90
test,elsa'a,elsa'a_35,55
test,elsa'a,elsa'a_37,67
test,elsa'a,elsa'a_6,60
test,elsa'a,elsa'a_9,45
test,farhan,farhan_1,69
test,farhan,farhan_10,90
test,farhan,farhan_15,77
test,farhan,farhan_16,115
test,farhan,farhan_2,75
test,farhan,farhan_25,75
test,farhan,farhan_26,90
test,farhan,farhan_30,86
test,hammam,hammam_13,74
test,hammam,hammam_17,69
test,hammam,hammam_18,78
test,hammam,hammam_23,73
test,hammam,hammam_30,77
test,hammam,hammam_36,101
test,hammam,hammam_37,59
test,hammam,hammam_44,91
test,hammam,hammam_7,72
test,Idle,Idle_14,56
test,Idle,Idle_16,56
test,Idle,Idle_17,62
test,Idle,Idle_5,54
test,Idle,Idle_6,54
test,Idle,Idle_7,55
test,masaa,masaa_1,58
test,masaa,masaa_18,62
test,masaa,masaa_2,54
test,masaa,masaa_20,68
test,masaa,masaa_21,68
test,masaa,masaa_29,74
test,masaa,masaa_32,54
test,masaa,masaa_37,69
test,masaa,masaa_5,57
test,masged,masged_1,135
test,masged,masged_20,57
test,masged,masged_22,100
test,masged,masged_23,118
test,masged,masged_29,86
test,masged,masged_3,121
test,masged,masged_31,117
test,masged,masged_35,109
test,masged,masged_37,103
test,meyah,meyah_1,64
test,meyah,meyah_13,69
test,meyah,meyah_15,82
test,meyah,meyah_27,443
test,meyah,meyah_37,64
test,meyah,meyah_39,389
test,meyah,meyah_8,73
test,meyah,meyah_9,81
test,mostashfa,mostashfa_1,166
test,mostashfa,mostashfa_19,104
test,mostashfa,mostashfa_24,106
test,mostashfa,mostashfa_27,89
test,mostashfa,mostashfa_29,107
test,mostashfa,mostashfa_3,142
test,mostashfa,mostashfa_34,130
test,mostashfa,mostashfa_35,105
test,mostashfa,mostashfa_8,113
test,sabah,sabah_11,81
test,sabah,sabah_20,92
test,sabah,sabah_25,50
test,sabah,sabah_27,76
test,sabah,sabah_29,61
test,sabah,sabah_35,91
test,sabah,sabah_36,77
test,sabah,sabah_4,52
test,sabah,sabah_9,70
test,salam,salam_1,116
test,salam,salam_19,97
test,salam,salam_22,70
test,salam,salam_23,93
test,salam,salam_34,81
test,salam,salam_35,88
test,salam,salam_38,73
test,salam,salam_7,86
test,salam,salam_8,86
test,saydalya,saydalya_10,108
test,saydalya,saydalya_20,143
test,saydalya,saydalya_25,157
test,saydalya,saydalya_28,148
test,saydalya,saydalya_33,103
test,saydalya,saydalya_34,118
test,saydalya,saydalya_35,123
test,saydalya,saydalya_40,136
test,saydalya,saydalya_8,130
test,shokran,shokran_10,72
test,shokran,shokran_20,98
test,shokran,shokran_26,84
test,shokran,shokran_32,89
test,shokran,shokran_33,83
test,shokran,shokran_38,78
test,shokran,shokran_4,74
test,shokran,shokran_41,76
test,shokran,shokran_6,81
test,ta'ban,ta'ban_17,115
test,ta'ban,ta'ban_2,96
test,ta'ban,ta'ban_20,75
test,ta'ban,ta'ban_22,88
test,ta'ban,ta'ban_24,94
test,ta'ban,ta'ban_25,120
test,ta'ban,ta'ban_3,85
test,ta'ban,ta'ban_37,107
test,ta'ban,ta'ban_41,109
test,tamam,tamam_15,49
test,tamam,tamam_16,61
test,tamam,tamam_2,63
test,tamam,tamam_21,70
test,tamam,tamam_28,72
test,tamam,tamam_29,68
test,tamam,tamam_34,79
test,tamam,tamam_40,83
test,zalan,zalan_13,104
test,zalan,zalan_19,65
test,zalan,zalan_20,77
test,zalan,zalan_24,91
test,zalan,zalan_25,83
test,zalan,zalan_27,88
test,zalan,zalan_32,89
test,zalan,zalan_7,67
